,ID,Sequence,Melting_Temperature ,Technique,Solvent,pH,Concentration,Expression,Source for plot,Source,Comment,Prediction
0,4W70,EVQLVESGGGLVQAGDSLRLSATASGRTFSRAVMGWFRQAPGKEREFVAAISAAPGTAYYAFYADSVRGRFSISADSAKNTVYLQMNSLKPEDTAVYYVAADLKMQVAAYMNQRSVDYWGQGTQVTVSS,60.0,CD,PBS,7.4,7-14 uM,Periplasmic,10.1002/prot.24671,10.1002/prot.24671,TEMPRO ext test,68.79
1,5SV3,EVQLVESGGGLVQAGDSLRLSCTASGRTLGDYGVAWFRQAPGKEREFVSVISRSTIITDYADSVRGRFSISADSAKNTVYLQMNSLKPEDTAVYYCAVIANPVYATSRNSDDYGHWGQGTQVTVSS,70.7,CD,PBS,7.4,0.2 mg/ml,,10.1080/19420862.2016.1236882,10.1080/19420862.2016.1236882,TEMPRO ext test,69.93
2,Nb4,QVQLVESGGGSVQAGGSLRLSCAASGSAISNLYMAWFRQAPGKEREGVAQMYSGESSTYYADSVEGRFTITHDKARNTVYLQMNDLKPEDSAMYYCAAAVGLPDLRRQGYLSADYYRIWGQGTQVTVSS,77.0,nanoDSF,PBS,,,Mam,Sormanni,StAbPred paper,,75.3
3,Nb5,HVQLVESGGGSVQAGGSLRLSCEISLYIYSSYCMGWFRQAPGKEREAVAAHYTGTAITYVADSVKGRFAISEDNAKNVLYLQMNSLQPEDTAMYYCAARQPCRLWLGYEDPGEYNIWGQGTQVTVSS,76.8,nanoDSF,PBS,,,Mam,Sormanni,StAbPred paper,,77.42
4,Nb6,QVQLVESGGGSVQAGGSLRLSCAASGLDIHSYCMTWFRQAPGKEREEIARIGTIAGPTYADSVKGRFTISQDKAKSIVYLQMNSLQPEDTAMYYCAADRMACLRPSVQLAAYNFWGRGTQVTVSS,74.3,nanoDSF,PBS,,,Mam,Sormanni,StAbPred paper,,73.66
5,4A_sdAb_2505,QVQLQESGGGSVQAGGSLRLSCADSGYTFSDYCMGWFRQAPGKEREGVAIISNGGLITRYADSVKGRFTVSRDNAKNTLYLEMNSLKPEDTATYFCAKGSYTCNPDRWSQVSDYKYGGQGTQVTVSS,55.5,nanoDSF,,,,Nuclera,Sormanni,In the lab,,66.44
6,5A_sdAb_1510,QVQLQESGGGSVQAGGSLRLSCAASGYSSYCMGWFRQAPGKERKGVAAIDSDGSTSYADSVKGRFTISKDNAKNTLYLQMNSLKPEDTAMYYCAADSPDRYGGSCLPSGGVYEYNYWGQGTQVTVSS,64.6,nanoDSF,,,,Nuclera,Sormanni,In the lab,,60.54
7,7A_5vxm,QVQLVESGGGLVQAGGSLRLSCAVSGLEMQSHAIGWFRQAPGKEREGVSCINDDGSTTRYADSVKGRFTISRDNAKNTVYLQMNSLKPEDTAVYFCAAKSVWFCSVIRSHEFNSWGQGTQVTVSS,66.9,nanoDSF,,,,Nuclera,Sormanni,In the lab,,72.47
8,8A_sdAb_8797,QVQLQESGGGLVQAGGSLRLSCAASGSIFAAAYMGWYRQAPGKEREFVAAISDGSNTYYADSVKGRFTISRDNAKNTVYLQMNSLKPEDTAVYYCAVIRWNYTYFRYWGQGTQVTVSS,74.2,nanoDSF,,,,Nuclera,Sormanni,In the lab,,72.76
9,9A_6itc,QVQLVETGGGLVQPGGSLRLSCGASGSIFNMYAMGWYRQAPGKRREVVARIATDDSTMYPDSVKGRFTISRDNAKNTVYLQMNSLKPEDTAVYYCYYQRTVMSQPYWGQGTQVTVSS,70.1,nanoDSF,,,,Nuclera,Sormanni,In the lab,,64.6
10,10A_6xxp,QVQLQESGGGSVEAGGSLRLSCARSGWPYSTYSMNWFRQAPGKEREAVAGISSTMSGIIFAESKAGQFTISQDNAKNTVYLQMNNLKPEDTAIYYCAARRDYSLSSSSDDFDYWGQGTQVTVSS,64.3,nanoDSF,,,,Nuclera,Sormanni,In the lab,,59.01
11,12A_3r0m,AVQLQESGGGLVQAGGSLRLSCTASGRISSSYDMGWFRQAPGKEREFVAAISWSGGTTDYADSVKGRFAISKDNAKNAVYLQMNSLKPEDTAVYYCAAKWRPLRYSDYPSNSDYYDWGQGTQVTVSS,75.2,nanoDSF,,,,Nuclera,Sormanni,In the lab,,66.66
12,sdab33.Nb1,QVQLQESGGGSVQAGGSLKLSCAASGGAYRNACMGFRQAPGKEREGAIINSVDTTYYADPVKGRFTISRDNAKSTVYLLMNSLKPEDTAIYYCAQVARVVCPGDKLGASGYNYWGQGTQVTVSS,57.9,nanoDSF,,,,,https://doi.org/10.1016/j.bbrc.2021.05.089,https://doi.org/10.1016/j.bbrc.2021.05.089,TEMPRO training (they manually curated),56.95
13,sdab35.Nb4,QVQLQESGGGSVQAGGSLRLSCAASGNTHITLAFRQAPGKEREGVFIYTSTGYTYYSDSVKGRFTISQDNAKNTVYLQMDNLKPEDAGMYYCAAGRTRSVRPGGRIDPGAFDYWGQGTQVTVSS,75.6,nanoDSF,,,,,https://doi.org/10.1016/j.bbrc.2021.05.089,https://doi.org/10.1016/j.bbrc.2021.05.089,TEMPRO training (they manually curated),74.29
14,sdab36.Nb7,QVQLQESGGGSVQAGGSLRLSCESSGMTFSVYNLGLRQAPGQECELSTITRDGSTDYADSMKGRFTISRDNAKNTMYLQMTSLKPDDTAVYYCAAGVGVVDCTEGQGTQVTVSS,51.8,nanoDSF,,,,,https://doi.org/10.1016/j.bbrc.2021.05.089,https://doi.org/10.1016/j.bbrc.2021.05.089,TEMPRO training (they manually curated),52.72
15,sdab561.H3,EVQLQASGGGLVQGGDSLRLSCARSGRTLSDYGVAWFRQAPGKEREFVSVIGRSTIITDYANSVKGRITISRDNAKNAVYLQMNSLKPEDTAVYYCAVITNPVYATSRNSDDYGYWGQGTQVTVSS,57.0,DSF,,,,,https://doi.org/10.1016/j.btre.2015.01.001,https://doi.org/10.1016/j.btre.2015.01.001,TEMPRO training (they manually curated),51.15
16,sdab562.H1,DVQLQASGGGLAQAGGSLRLSCAYSGDTVNDYAMAWFRQAPGKGREFVAAIRARGGGTEYLDSVKGRFTISRDNGENTAYLQMDNLQPDDTALYFCALAMGGYAYRAFERYSVRGQGTQVTVSS,65.0,DSF,,,,,https://doi.org/10.1016/j.btre.2015.01.001,https://doi.org/10.1016/j.btre.2015.01.001,TEMPRO training (they manually curated),64.59
17,sdab563.F8,DVQLQASGGGLAQAGGSLRLSCAYSGDTVNDYGMGWFRQVPGKGREFVAAIRASGGGTEYLDSVKGRFTISRDNRNTATLQMNDLRPDDTAVYYCALSMGGYAYRAFERYNVRGQGTQVTVSP,59.0,DSF,,,,,https://doi.org/10.1016/j.btre.2015.01.001,https://doi.org/10.1016/j.btre.2015.01.001,TEMPRO training (they manually curated),58.84
18,sdab564.D1,EVQLQASGGGLVQPGGSLRLACQYSGREGTTTVGWFRQSPGKEREFVAAIRWTDSRTPHTDSRFTTSSDNFKKTAYLQMNGLKPEDTALYYCTEDTWNSVVTGTAADWSQGTQVTVSS,49.0,DSF,,,,,https://doi.org/10.1016/j.btre.2015.01.001,https://doi.org/10.1016/j.btre.2015.01.001,TEMPRO training (they manually curated),47.7
19,sdab565.F11,EVQLQASGGGLVRPGGSLRLACQYSGREGTTTVGWIRQSPGKEREFVAAIRWTDSRTSHTDSRFTTSSDNFKKTAYLQMNGLKPEDTALYYCTEDTWNSVVTGTAAGWSQGTQVTVSS,54.0,DSF,,,,,https://doi.org/10.1016/j.btre.2015.01.001,https://doi.org/10.1016/j.btre.2015.01.001,TEMPRO training (they manually curated),49.23
20,sdab566.H1W,DVQLQASGGGLAQAGGSLRLSCAYSGDTVNDYAMAWFRQAPGKGREFVAAIRARGGGTEYLDSVKGRFTISRDNGENTAYLQMDNLQPDDTALYFCALAMGGYAYRAFERYSVWGQGTQVTVSS,71.0,DSF,,,,,https://doi.org/10.1016/j.btre.2015.01.001,https://doi.org/10.1016/j.btre.2015.01.001,TEMPRO training (they manually curated),69.41
21,sdab442.F11,EVQLQASGGGLVRPGGSLRLACQYSGREGTTTVGWIRQSPGKEREFVAAIRWTDSRTSHTDSRETTSSDNFKKTAYLQMNGLKPEDTALYYCTEDTWNSYYTGTAAGWSQGTQVTVSS,50.0,DSF,,,,,https://doi.org/10.1016/j.btre.2015.01.001,https://doi.org/10.1016/j.btre.2015.01.001,TEMPRO training (they manually curated),52.38
22,sdab451.H1Wneg+,DVQLQASGGGLAQDGGSLRLSCAYSGQTVNDYAMAWFRQAPGKEREFVCAIRARGGGTEYLDSVKGRFTCSRDNGENTAYLQMDNLQPDDTALYFCALAMGGYAYRAFERYSVWGQGTQVTVSS,68.0,DSF,,,,,https://doi.org/10.1016/j.btre.2015.01.001,https://doi.org/10.1016/j.btre.2015.01.001,TEMPRO training (they manually curated),68.9
23,sdab484.Z18,QVQLVESGGGLVQAGDSLRLSCAASGRTFSGYAMGWFRQAPGKEREFVARINWSGTLTYYADSVKGRFTGSRDNAKNTVYLQMNSLKPEDTAVYYCAQRGDSGSNYDPSGYSYWGQGTQVTVSS,59.0,DSC,,,,,https://doi.org/10.1038/s41598-021-98977-8,https://doi.org/10.1038/s41598-021-98977-8,TEMPRO training (they manually curated),57.19
24,sdab567.C10,DVQLQASGGGLVQPGGSLRLACAHSGREGTTTVGWFRQAPGKEREFVAALRWTDGRISYANSVKGRFTTSSDNWKKTVYLQMNGLKPEDSALYYCAEDSWYPVVTGTAAYWSQGTQVTVSS,66.0,DSF,,,,,https://doi.org/10.1016/j.btre.2015.01.001,https://doi.org/10.1016/j.btre.2015.01.001,TEMPRO training (they manually curated),60.21
25,sdab497.A3,EVQLVESGGGLVQAGDSLRLSCTASGRTFSRAVMGWFRQAPGKEREFVAAISAAPGTAYYAFYADSVRGRFSISADSAKNTVYLQMNSLKPEDTAVYYCAADLKMQVAAYMNQRSADYWGQGTQVTVSS,80.0,CD,,,,,10.1093/protein/gzu001,10.1021/acsomega.9b00730,TEMPRO training (they manually curated),82.36
26,sdab498.A3,EVQLVESGGGLVQAGDSLRLSCTASGRTFSRAVMGWFRQAPGKEREFVAAISAAPGTAYYAFYADSVRGRFSISADSAKNTVYLQMNSLKPEDTAVYYCAADLKMQVAAYMNQRSYDYWGQGTQVTVSS,79.0,CD,,,,,10.1093/protein/gzu001,10.1021/acsomega.9b00730,TEMPRO training (they manually curated),82.3
27,sdab499.A3,EVQLVESGGGLVQAGDSLRLSCTASGRTFSRAVMGWFRQAPGKEREFVAAISAAPGTAYYAFYADSVRGRFSISADSAKNTVYLQMNSLKPEDTAVYYCAADLKMQVAAYMNQRCVDYWGQGTQVTVSS,77.0,CD,,,,,10.1093/protein/gzu001,10.1016/j.molimm.2018.11.016,TEMPRO training (they manually curated),85.14
28,sdab512.A3-ds,EVQLVESGGGLVQAGDSCRLSATASGRTFSRAVMGWFRQAPGKEREFVAAISAAPGTAYYAFYADSVRGRFSISADSAKNTVYLQMNSLKPEDTAVYYVAADLKMQVAAYMNQRSVDYWGQGTQVTVSS,62.2,CD,,,,,10.1093/protein/gzu001,10.1093/protein/gzu001,TEMPRO training (they manually curated),69.7
29,sdab513.A3-ds,EVQLVESGGGLVQAGDSLRLSATASGRTFSRAVMGWFRQAPGKEREFVAAISAAPGTAYYAFYADSVRGRFSISADSAKNTVYLQMNNLKPEDTAVYYVAADLKMQVAAYMNQRSVDYWGQGTQVTVSS,64.6,CD,,,,,10.1093/protein/gzu001,10.1093/protein/gzu001,TEMPRO training (they manually curated),68.25
30,sdab514.A3-ds,EVQLVESGGGLVQAGDSLRLSATASGCTFSRAVMGWFRQAPGKEREFVAAISAAPGTAYYAFYADSVRGRFSISADSAKNTVYLQMNSLKPEDTAVYYVAADLKMQVAAYMNQRSVDYWGQGTQVTVSS,61.2,CD,,,,,10.1093/protein/gzu001,10.1093/protein/gzu001,TEMPRO training (they manually curated),71.07
31,sdab515.A3-ds,EVQLVESGGGLVQAGDSLRLSATASGRIFSRAVMGWFRQAPGKEREFVAAISAAPGTAYYAFYADSVRGRFIISADSAKNTVYLQMNSLKPEDTAVYYVAADLKMQVAAYMNQRSVDYWGQGTQVTVSS,69.5,CD,,,,,10.1093/protein/gzu001,10.1093/protein/gzu001,TEMPRO training (they manually curated),69.34
32,sdab516.A3-ds,EVQLVESGGGLVQAGDSLRLSATASDRTFSRAVMGWFRQAPGKEREFVAAISAAPGTAYYAFYADSVRGRFSISADSAKNTVYLQMNSLKPEDTAVYYVAADLKMQVAAYMNQRSVDYWGQGTQVTVSS,64.8,CD,,,,,10.1093/protein/gzu001,10.1093/protein/gzu001,TEMPRO training (they manually curated),68.29
33,sdab518.SEB,EVQLQASGGGLVQAGGPLRLTCAVSGPTFGSYALGWFRQAPGKEREFVAAVSWSGGDTYADSVKGRFIISRDNAKNTVYLQMNNLEPEDTAVYSCARMQDRYYISKDAKDYGYWGQGTQVTVSS,65.3,CD,,,,,10.3390/s140610846,10.3390/s140610846,TEMPRO training (they manually curated),60.55
34,sdab519.SEB,DVQLQASGGGLVQAGGSLRLTCAASLHTFGSYAMGWERQAPGKEREFVAAISWSGGDTYSDSVKGRFTISRDNAKNTVYLQMNSLEPEDTAVYSCAAVEARYYISTDAKDYGYWGQGTQVTVSS,70.9,CD,,,,,10.3390/s140610846,10.3390/s140610846,TEMPRO training (they manually curated),62.38
35,sdab520.SEB,EVQLQASGGGLVRAGGTLRLTCDATTPTFGSYAMGWFRQAPGKEREFVSAISWSGGDTYADSVKGRFTISRDNTRNRVYLQMNDLEPDDTAIYTCARTTARYYISKDAKDYDYWGQGTQVTVSS,65.5,CD,,,,,10.3390/s140610846,10.3390/s140610846,TEMPRO training (they manually curated),58.46
36,sdab521.SEB,EVQLQASGGGLVQAGGSLRLTCAVSGPTFGSYALGWFRQAPGKEREFVAAVSWSGGDTYADTAKGRFIISRDNAKNTVYLQMNNLEPEDTAVYSCARMQDRYYISKDAKDYGYWGQGTQVIVSS,73.0,CD,,,,,10.3390/s140610846,10.3390/s140610846,TEMPRO training (they manually curated),58.25
37,sdab522.SEB,EVQLQASGGGLVQAGGSLRLTCAVSGPTFGSYALGWFRQAPGKEREFVAAVSWSGGDTYADSVKGRFIISRDNAKNTVYLQMNNLEPEDTAVYSCARMQDRYYISKDAKDYGYWGQETQVTVSS,70.9,CD,,,,,10.3390/s140610846,10.3390/s140610846,TEMPRO training (they manually curated),62.34
38,sdab524.SEB,EVQLQASGGGLVQAGGSLRLSCAASGRDFSDYAMAWFRQAPGKEREFVGTISWYTNTNYADSVKGRFSISRDNAKNTVYLQMSSLKPEDTAVYYCAAAPARYYNPYKRESEYGYWGQGTQVTVSS,65.1,CD,,,,,10.3390/s140610846,10.3390/s140610846,TEMPRO training (they manually curated),63.89
39,sdab525.SEB,EVQLQASGGGLVQPGGSLRLSCAASGSAVSIGFMAWYRQAPGKQRELVARISSSGLPDYADTVKGRFTISRDNTRKTVSLQMNSLNPDDTAVYYCNARLYDGSSAWGQGTQVTVSS,66.9,CD,,,,,10.3390/s140610846,10.3390/s140610846,TEMPRO training (they manually curated),59.67
40,sdab526.SEB,DVQLQASGGGLVQPGGSLRLSCAASESAVRIGFMGWHRQAPGNQRERVAQISSTGLPTYADAVKGRFTISRDNTKNTVYLQMNSLNADDTAVYFCNARLYDGTSVWGQGTQVTVSS,60.4,CD,,,,,10.3390/s140610846,10.3390/s140610846,TEMPRO training (they manually curated),57.12
41,sdab527.SEB,DVQLQASGGGLVEPGGSLRLSCAASGSAVSIGFMGWHRQAPGKQRERVAQISSTGIPNYADTVKGRFTISRDNTKNTMYLQMNSLNADDTAVYFCNARLYDGTSAWGQGTQVTVSS,56.2,CD,,,,,10.3390/s140610846,10.3390/s140610846,TEMPRO training (they manually curated),67.15
42,sdab528.SEB,DVQLQASGGGLVQVGGSLRLSCAASGSTFRIGYMGWYRQAPGKPRELVARISSGGTTDYLDFVKDRFTISRDNAKNTVYLQMSSLKPEDTAVYYCNVVNYRANEYWGQGTQVTVSS,58.5,CD,,,,,10.3390/s140610846,10.3390/s140610846,TEMPRO training (they manually curated),57.26
43,sdab529.SEB,DVQLQASGGGLVQVGGSLRLSCAASGSTFRIGYMSWHRQAPGKSRELVARISSGGTTDYLDSVKDRFTISRDNTKNTVYLQMNSLEPEDTAVYYCNVVDYRANEYWGQGTQVAVSS,62.1,CD,,,,,10.3390/s140610846,10.3390/s140610846,TEMPRO training (they manually curated),67.16
44,sdab530.NbD1 _1_5,EVQLVESGGGSVQAGGSLRLSCAASGWTYSTATMGWYRQAPGKERELVSSIFSDENTYYKDSVKGRFTISRDAAKNTVYLQMNSLKPEDTAMYYCYIRPTTSLANWRWGQGTQVTVSS,70.5,DSF,,,,,10.1016/j.bbagen.2017.06.014,10.1016/j.bbagen.2017.06.014,TEMPRO training (they manually curated),62.15
45,sdab531.NbD2_1_5,EVQLVESGGGSVQAGGSLRLSCAVSENTGRMGWFRQAPGKEREKVAIITRLGGYTSYAGPVKGRFTISQDNAKNTVYLLMNSLKPEDTAIYYCAADSRPIYSGTWRYWGQGTQVTVSS,65.5,DSF,,,,,10.1016/j.bbagen.2017.06.014,10.1016/j.bbagen.2017.06.014,TEMPRO training (they manually curated),67.02
46,sdab532.NbD3,QVQLQESGGGSVQAGGSLRLSCTASEFTTKYMAWFRQAPGKERELVAVIYTITSGANYGDSVKGRFTIYRDNENNTVHLEMNNLKPEDTAMYICAASTYWGAALRETAYNSWGRGTQVTVSS,58.0,DSF,,,,,10.1016/j.bbagen.2017.06.014,10.1016/j.bbagen.2017.06.014,TEMPRO training (they manually curated),68.58
47,sdab533.NbD3_1_5,EVQLVESGGGSVQAGGSLRLSCTASEFTTKYMAWFRQAPGKERELVAVIYTITSGANYGDSVKGRFTIYRDNENNTVHLEMNNLKPEDTAMYICAASTYWGAALRETAYNSWGRGTQVTVSS,62.0,DSF,,,,,10.1016/j.bbagen.2017.06.014,10.1016/j.bbagen.2017.06.014,TEMPRO training (they manually curated),68.8
48,sdab534.NbD4_1_5,EVQLVESGGGSVQSGGSLRLSCAASGDTFSKRIMAWFRGAPDKEREGLATIDPDGTMKSYADSARGRFTISRDNAKSAVYLQMNSLKPEDTAVYYCATKLTWYGAYQSWGQGTQVTVSS,56.0,DSF,,,,,10.1016/j.bbagen.2017.06.014,10.1016/j.bbagen.2017.06.014,TEMPRO training (they manually curated),70.59
49,sdab535.NbD5,QVQLQESGGGSVQAGGSLRLSCAVSGYTYSSYSIGWFRQAPGKEREGVAAINSGGSTNYAGSVEGRGFISQDNAKNTVSLLMNSLKPEDTATYYCAVGAFFTLRPTLYNYWGQGTQVTVSS,54.0,DSF,,,,,10.1016/j.bbagen.2017.06.014,10.1016/j.bbagen.2017.06.014,TEMPRO training (they manually curated),58.53
50,sdab536.NbD5_1_5,EVQLVESGGGSVQAGGSLRLSCAVSGYTYSSYSIGWFRQAPGKEREGVAAINSGGSTNYAGSVEGRGFISQDNAKNTVSLLMNSLKPEDTATYYCAVGAFFTLRPTLYNYWGQGTQVTVSS,54.0,DSF,,,,,10.1016/j.bbagen.2017.06.014,10.1016/j.bbagen.2017.06.014,TEMPRO training (they manually curated),57.59
51,sdab537.NbD6_1_5,EVQLVESGGGSVQAGGSLRLFCEASGYTSSHYIMGWSRQAPGKECELVARITSAGITDYASSVKGRFTISRGDATNGMALQMNNLKPEDTAVYYCGVVVPTIGISRWCGYDYWGQGTQVTVSS,67.0,DSF,,,,,10.1016/j.bbagen.2017.06.014,10.1016/j.bbagen.2017.06.014,TEMPRO training (they manually curated),60.26
52,sdab539.NbD8_1_5,EVQLVESGGGSVQAGGSLRLSCAASGYTYGSNSMGWFRQAPGKEREGVATIDRGGGRTLYTDSVKGRFTISQDNAKNTVYLQMNSLKPEDTAMYYCAADDNWRGDGLDPSDFDYWGQGTQVTVSS,54.0,DSF,,,,,10.1016/j.bbagen.2017.06.014,10.1016/j.bbagen.2017.06.014,TEMPRO training (they manually curated),73.05
53,sdab540.NbD9_NC,QVQLQESGGGLVQAGGSLRLSCVASGYLFSLRGMGWYRQAPGKQRELVSIISRYGPAKYADSVKGRFTISQDNAKNTLYLQMNSLRPEDTAVYFCAASRPNSDKLDYWGQGTQVTVSS,62.0,DSF,,,,,10.1016/j.bbagen.2017.06.014,10.1016/j.bbagen.2017.06.014,TEMPRO training (they manually curated),58.95
54,sdab541.NbD10_NC,QVQLQESGGGLVQSGGSLTLSCAASRYTYRPRTMAWYRQAPGKQREFVSTISSNGNAKYRDSVKGRFTISQNNAKNTVYLQMNSLRPEDTAVYYCYMYNGDPFWGQGTQVTVSS,55.5,DSF,,,,,10.1016/j.bbagen.2017.06.014,10.1016/j.bbagen.2017.06.014,TEMPRO training (they manually curated),62.38
55,sdab542.NbD11,QVQLQESGGGSVQAGGSLKLSCDASTYTYGGKCMGWFRQAPGKEREFVAFIESDGRTSYADSVKGRFTISQDDAKNTVYLQMNSLKREDTSMYYCKTAAGAFCGTRSYGFWGQGTQVTVSS,55.0,DSF,,,,,10.1016/j.bbagen.2017.06.014,10.1016/j.bbagen.2017.06.014,TEMPRO training (they manually curated),59.49
56,sdab543.NbD11_NC,QVQLQESGGGLVQAGGSLKLSCDASTYTYGGKCMGWFRQAPGKQREFVAFIESDGRASYADSVKGRFTISQDDAKNTVYLQMNSLRPEDTSVYYCKTAAGAFCGTRSYGFWGQGTQVTVSS,52.0,DSF,,,,,10.1016/j.bbagen.2017.06.014,10.1016/j.bbagen.2017.06.014,TEMPRO training (they manually curated),58.14
57,sdab544.NbD12_NC,QVQLQESGGGLVQAGGSLRLSCAASGITYSRSTMGWYRQVPGKQRELVSSIRWNGSALYADSVKGRFTISRDNAKNTAYLQMNSLRPEDTAVFYCKAEVVAGPYAGHDYWGQGTQVTVSS,46.0,DSF,,,,,10.1016/j.bbagen.2017.06.014,10.1016/j.bbagen.2017.06.014,TEMPRO training (they manually curated),63.98
58,sdab545.NbD1_NC,QVQLQESGGGLVQAGGSLRLSCAASGWTYSTATMGWYRQAPGKQRELVSSIFSDENAYYKDSVKGRFTISRDAAKNTVYLQMNSLRPEDTAVYYCYIRPTTSLANWRWGQGTQVTVSS,52.0,DSF,,,,,10.1016/j.bbagen.2017.06.014,10.1016/j.bbagen.2017.06.014,TEMPRO training (they manually curated),61.45
59,sdab546.NbD4_NC,QVQLQESGGGLVQGGGSLRLSCAASGDTFSRKIMAWFRQAPDKQREGLATIDPDGTMASYADSARGRFTISRDNAKSAVYLQMNSLRPEDTAVYYCATKLTWYGAYQSWGQGTQVTVSS,53.0,DSF,,,,,10.1016/j.bbagen.2017.06.014,10.1016/j.bbagen.2017.06.014,TEMPRO training (they manually curated),65.08
60,sdab547.NbPep46,QVQLQESGGGSVQAGGSLRLSCVASGFSVSTQCMGWVRQAPGKDAETVAVINSGGGNLYFDSVKGRFTISRDEAKNTVYLQMNSLKPEDTAIYYCVADCVLSEVVGGFKARFTFIGQGTQVTVSS,75.3,nanoDSF,,,,,10.1038/s41598-018-26338-z,10.1038/s41598-018-26338-z,TEMPRO training (they manually curated),56.5
61,sdab550.EBOV-GP-G6,DVQLQASGGGLVQAGGSLRISCAASGGALSDYNMGWFRQAPGKEREFVAVVTWSGGSTRYADSVNGRFTISRDNAKNTVYLQMNSLKPEDTAVYYCAAAPLTPFQSLGDNKAYNYWGQGTQVTVSS,67.0,CD,,,,,10.1186/s12934-017-0837-z,10.1186/s12934-017-0837-z,TEMPRO training (they manually curated),69.17
62,sdab551.EBOV-GP-H7,DVQLQASGGGLVQAGGSLRLSCAASSGTFSSYTMGWFRQAPGKERELVARLSQSLTTLYADSVKGRFTISRDNAENTVYLQMNSLKPEDTGVYYCAAHPGTYGSAWLISPHDYAYWGQGTQVTVSS,68.0,CD,,,,,10.1186/s12934-017-0837-z,10.1186/s12934-017-0837-z,TEMPRO training (they manually curated),66.0
63,sdab552.EBOV-GP-A8,EVQLQASGGGLAQAGGSLQLSCAAPGRPVRTYTMGWFRQAPGKEREFVAANNWRGTRYAGSVRGRFSISRDNSKNTVYLQMNSLKPEDTAVYYCACAVTADLLLSGNYFRGDDYDYWGQGTQVTVSS,60.0,CD,,,,,10.1186/s12934-017-0837-z,10.1186/s12934-017-0837-z,TEMPRO training (they manually curated),61.81
64,sdab553.EBOV-GP-D1,EVQLQASGGGSVPPGGSLRLSCTASLRAFSTYTMGWFRQAPGKEREFVAASNWRGTDFHDSVRGRFIISRDNTEKTVQLQMNSLKPEDTAIYYCAADGSTWLKRSDYSYWGQGTQVTVSS,51.0,CD,,,,,10.1186/s12934-017-0837-z,10.1186/s12934-017-0837-z,TEMPRO training (they manually curated),60.94
65,sdab554.EBOV-GP-B5,EVQLQASGGGLVQAGGSLRLSCTASLRAFSTYTMGWFRQAPGKEREFVAASNWRGTDFHDSVKGRFIISRDNTKKTVQLQMNSLKPEDTAIYYCAADGSTWLKRSDYSYWGQGTQVTVSS,60.0,CD,,,,,10.1186/s12934-017-0837-z,10.1186/s12934-017-0837-z,TEMPRO training (they manually curated),55.13
66,sdab557.EBOV-GP-G3,EVQLQASGGGLVEPGGSLRLSCAVSGINFNINHWGWYRQAPGKQREWVATIAIGGATDYADSLKGRFTISRDNNKNTVYLQMNSLRPEDTAVYYCNGVGSKWSVRWGQGTQVTVSS,61.0,CD,,,,,10.1186/s12934-017-0837-z,10.1186/s12934-017-0837-z,TEMPRO training (they manually curated),48.69
67,sdab559.C8,EVQLQRSGGGLVQGGDSLRLSCRASGRTLGDYGVAWFRQAPGKEREFVSVISRSTIITDYANSYKGRFTISRDNAKNAVYLQMNSLKPEDTAVYYCAVIANPVYATSRNSDDYGHWGQGTQVTVSS,60.0,DSF,,,,,https://doi.org/10.1016/j.btre.2015.01.001,https://doi.org/10.1016/j.btre.2015.01.001,TEMPRO training (they manually curated),61.1
68,sdab560.E9,EVQLQASGGGLVQGGDSLRLSCAASGRTLSVYGVAWFRQAPGKEREFVSVISRSTIITDYANSVKGRFTISRDNAKNAVYLQMNSLKPEDTAVYYCAVITNPVYATSRNSDDYGYNGQGTQVTVSS,58.0,DSF,,,,,https://doi.org/10.1016/j.btre.2015.01.001,https://doi.org/10.1016/j.btre.2015.01.001,TEMPRO training (they manually curated),58.48
69,NB-AGT-1,AQVQLVESGGGLVQAGDSLRLSCAASGLAFSTYGMGWFRQAPGKEREFVADINWSGSSTYVADSVKGRFTISRDNAKNTVYLQMNRLKPEDTAVYSCAAAPGGGLRAGPSRRYEYWGQGTQVTVSS,70.65,DSC,K-Phosphate,7.4,20 uM,Bacteria,10.1101/2024.09.15.612864,10.1101/2024.08.28.609651,,53.82
70,NB-AGT-2,AQVQLVESGGGLVQAGGSLRLSCAASGRTFSSYAMGWFRQAPGKEREFVAAINWSGGSTFYADSVKGRFTISRDNAKNTVYLQMNSLKPEDTAVYYCAAARADPYYSISYYSTTHEYDYWGQGTQVTVSS,85.51,DSC,K-Phosphate,7.4,20 uM,Bacteria,10.1101/2024.09.15.612864,10.1101/2024.08.28.609651,10.1101/2024.09.15.612864,69.19
71,NB-AGT-6,AQVQLVESGGGSVQTGGSLRLACVASGFTSDHYSIGWFRQAPGKEREGVSCIGMHDGSTKYAESVKGRFTISSDNDKNTVYLQMNSLKPEDTAVYYCAAGPLVLLDSDTYQSWGEGTQVTVSS,71.68,DSC,K-Phosphate,7.4,20 uM,Bacteria,10.1101/2024.09.15.612864,10.1101/2024.08.28.609651,,78.41
72,NB-AGT-2-L22V,AQVQLVESGGGLVQAGGSLRVSCAASGRTFSSYAMGWFRQAPGKEREFVAAINWSGGSTFYADSVKGRFTISRDNAKNTVYLQMNSLKPEDTAVYYCAAARADPYYSISYYSTTHEYDYWGQGTQVTVSS,80.09,DSC,K-Phosphate,7.4,20 uM,Bacteria,10.1101/2024.09.15.612864,10.1101/2024.09.15.612864,,70.41
73,NB-AGT-2-L22A,AQVQLVESGGGLVQAGGSLRASCAASGRTFSSYAMGWFRQAPGKEREFVAAINWSGGSTFYADSVKGRFTISRDNAKNTVYLQMNSLKPEDTAVYYCAAARADPYYSISYYSTTHEYDYWGQGTQVTVSS,73.37,DSC,K-Phosphate,7.4,20 uM,Bacteria,10.1101/2024.09.15.612864,10.1101/2024.09.15.612864,,72.33
74,NB-AGT-2-I72V,AQVQLVESGGGLVQAGGSLRLSCAASGRTFSSYAMGWFRQAPGKEREFVAAINWSGGSTFYADSVKGRFTVSRDNAKNTVYLQMNSLKPEDTAVYYCAAARADPYYSISYYSTTHEYDYWGQGTQVTVSS,84.17,DSC,K-Phosphate,7.4,20 uM,Bacteria,10.1101/2024.09.15.612864,10.1101/2024.09.15.612864,,66.99
75,NB-AGT-2-I72A,AQVQLVESGGGLVQAGGSLRLSCAASGRTFSSYAMGWFRQAPGKEREFVAAINWSGGSTFYADSVKGRFTASRDNAKNTVYLQMNSLKPEDTAVYYCAAARADPYYSISYYSTTHEYDYWGQGTQVTVSS,78.92,DSC,K-Phosphate,7.4,20 uM,Bacteria,10.1101/2024.09.15.612864,10.1101/2024.09.15.612864,,79.04
76,NB-AGT-2-L22V-I72V,AQVQLVESGGGLVQAGGSLRVSCAASGRTFSSYAMGWFRQAPGKEREFVAAINWSGGSTFYADSVKGRFTVSRDNAKNTVYLQMNSLKPEDTAVYYCAAARADPYYSISYYSTTHEYDYWGQGTQVTVSS,78.72,DSC,K-Phosphate,7.4,20 uM,Bacteria,10.1101/2024.09.15.612864,10.1101/2024.09.15.612864,,76.09
77,NB-AGT-2-L22V-I72A,AQVQLVESGGGLVQAGGSLRVSCAASGRTFSSYAMGWFRQAPGKEREFVAAINWSGGSTFYADSVKGRFTASRDNAKNTVYLQMNSLKPEDTAVYYCAAARADPYYSISYYSTTHEYDYWGQGTQVTVSS,72.78,DSC,K-Phosphate,7.4,20 uM,Bacteria,10.1101/2024.09.15.612864,10.1101/2024.09.15.612864,,72.71
78,NB-AGT-2-L22A-I72V,AQVQLVESGGGLVQAGGSLRASCAASGRTFSSYAMGWFRQAPGKEREFVAAINWSGGSTFYADSVKGRFTVSRDNAKNTVYLQMNSLKPEDTAVYYCAAARADPYYSISYYSTTHEYDYWGQGTQVTVSS,71.23,DSC,K-Phosphate,7.4,20 uM,Bacteria,10.1101/2024.09.15.612864,10.1101/2024.09.15.612864,,70.47
79,NB-AGT-2-L22A-I72A,AQVQLVESGGGLVQAGGSLRASCAASGRTFSSYAMGWFRQAPGKEREFVAAINWSGGSTFYADSVKGRFTASRDNAKNTVYLQMNSLKPEDTAVYYCAAARADPYYSISYYSTTHEYDYWGQGTQVTVSS,64.72,DSC,K-Phosphate,7.4,20 uM,Bacteria,10.1101/2024.09.15.612864,10.1101/2024.09.15.612864,,67.24
80,NB-extra,EVQLVESGGGLVQPGGSLRLSCAASGFNIKDTYIGWVRRAPGKGEEWVASIYPTNGYTRYADSVKGRFTISADTSKNTAYLQMNSLRAEDTAVYYCAAGSFETLTLREEEAAAWGQGTLVTVSS,75.2,CD,,,,,Thesis,Internal Thesis,,65.28
81,NB-extra-CA-CV,EVQLVESGGGLVQPGGSLRLSAAASGFNIKDTYIGWVRRAPGKGEEWVASIYPTNGYTRYADSVKGRFTISADTSKNTAYLQMNSLRAEDTAVYYVAAGSFETLTLREEEAAAWGQGTLVTVSS,54.0,CD,,,,,Thesis,Internal Thesis,,75.94
82,NB-extra-CA-CA,EVQLVESGGGLVQPGGSLRLSAAASGFNIKDTYIGWVRRAPGKGEEWVASIYPTNGYTRYADSVKGRFTISADTSKNTAYLQMNSLRAEDTAVYYAAAGSFETLTLREEEAAAWGQGTLVTVSS,57.5,CD,,,,,Thesis,Internal Thesis,,67.38
